{"cameraMode":{"drawMode":0,"name":"Shaded","section":"Shading Mode"},"sceneLighting":false,"audioPlay":false,"sceneViewState":{"m_AlwaysRefresh":false,"showFog":true,"showSkybox":false,"showFlares":true,"showImageEffects":true,"showParticleSystems":true,"showVisualEffectGraphs":true,"m_FxEnabled":true},"in2DMode":false,"pivot":{"x":0.3697446584701538,"y":0.03938703238964081,"z":-0.02980610728263855},"rotation":{"x":0.38097697496414187,"y":-0.01386774517595768,"z":0.00571576040238142,"w":0.9244641065597534},"size":0.47533854842185976,"orthographic":true}