{"cameraMode":{"drawMode":0,"name":"Shaded","section":"Shading Mode"},"sceneLighting":true,"audioPlay":false,"sceneViewState":{"m_AlwaysRefresh":false,"showFog":true,"showSkybox":true,"showFlares":true,"showImageEffects":true,"showParticleSystems":true,"showVisualEffectGraphs":true,"m_FxEnabled":true},"in2DMode":false,"pivot":{"x":377.1983642578125,"y":171.7227783203125,"z":33.81519317626953},"rotation":{"x":0.0014883892145007849,"y":-0.12417850643396378,"z":0.00018626778910402209,"w":0.9922588467597961},"size":192.86380004882813,"orthographic":true}